,Name,Size,Price,Location
0,2 Bedroom Apartment,"



71 m²",R 1 295 000,Onverwacht
1,2 Bedroom Apartment,"



67 m²",R 1 040 000,Fairview Golf Estate
2,2 Bedroom Apartment,"



72 m²",R 1 800 000,Fairview Golf Estate
3,3 Bedroom House,"


500 m²",R 3 100 000,Pine Acres
4,2 Bedroom Apartment,"



71 m²",R 1 295 000,Admirals Park
5,Farm,"



67 m²",R 3 850 000,Mountainside
6,2 Bedroom Apartment,"



72 m²",R 1 040 000,Fairview Golf Estate
7,2 Bedroom Apartment,"


500 m²",R 1 800 000,Fairview Golf Estate
8,3 Bedroom House,"



71 m²",R 3 100 000,Pine Acres
9,3 Bedroom House,"


272 m²",R 2 481 500,Mountainside
10,5 Bedroom House,"


404 m²",R 5 950 000,Sea Breeze
11,1 Bedroom Apartment,"



39 m²",R 920 000,Harbour Island
12,2 Bedroom Apartment,"



76 m²",R 1 190 000,Greenbay Eco Estate
13,3 Bedroom House,"


537 m²",R 4 450 000,Whispering Pines
14,3 Bedroom House,"


270 m²",R 2 195 000,Mountainside
15,5 Bedroom House,"
1 045 m²",R 2 550 000,Gordons Bay Central
16,3 Bedroom House,"


331 m²",R 2 150 000,Anchorage Park
17,2 Bedroom Apartment,"


112 m²",R 1 450 000,Admirals Park
18,Commercial Property,"



82 m²",R 1 399 000,Gordon Strand Estate
19,3 Bedroom House,"


714 m²",R 4 900 000,Gordons Bay Village
20,3 Bedroom House,"


214 m²",R 2 625 510,Mountainside
21,2 Bedroom House,"


308 m²",R 1 295 000,Gordons Bay Central
22,3 Bedroom House,"


276 m²",R 2 418 500,Onverwacht
23,2 Bedroom Apartment,"



67 m²",R 1 040 000,Sea Breeze
24,3 Bedroom House,"


581 m²",R 3 300 000,Greenbay Eco Estate
25,5 Bedroom House,"


450 m²",R 3 200 000,Gordons Bay Village
26,2 Bedroom Apartment,"


112 m²",R 1 450 000,Mountainside
27,1 Bedroom Apartment,"


103 m²",R 685 000,Gordon Strand Estate
28,2 Bedroom Apartment,"



43 m²",R 1 450 000,Greenbay Eco Estate
29,3 Bedroom House,"


212 m²",R 2 000 000,Whispering Pines
30,4 Bedroom House,"


517 m²",R 3 950 000,Gordons Bay Central
31,2 Bedroom Apartment,"



70 m²",R 870 000,Mountainside
32,4 Bedroom House,"


503 m²",R 10 995 000,Whispering Pines
33,1 Bedroom Apartment,"


375 m²",R 649 000,Harbour Island
34,Vacant Land,"


573 m²",R 1 850 000,Gordons Bay Central
35,6 Bedroom House,"


428 m²",R 3 300 000,Gordons Bay Village
36,3 Bedroom House,11 753 m²,R 2 325 000,Gordons Bay Village
37,Vacant Land,"


198 m²",R 7 000 000,Admirals Park
38,3 Bedroom Townhouse,"


265 m²",R 1 890 000,Mountainside
39,3 Bedroom Apartment,"


444 m²",R 6 995 000,Gordons Bay Central
40,Vacant Land,"


223 m²",R 1 600 000,Harbour Island
41,2 Bedroom House,"



33 m²",R 1 450 000,Gordons Bay Village
42,Apartment,"


223 m²",R 604 900,Admirals Park
43,2 Bedroom House,"


500 m²",R 1 450 000,Firlands
44,4 Bedroom House,"


500 m²",R 2 495 000,Admirals Park
45,3 Bedroom House,"



88 m²",R 2 795 000,Fairview Golf Estate
46,Commercial Property,"
1 317 m²",R 1 399 000,Admirals Park
47,Vacant Land,"
2 742 m²",R 2 600 000,Gordons Bay Village
48,Vacant Land,"



66 m²",R 2 300 000,Gordon Heights
49,7 Bedroom House,"


530 m²",R 13 000 000,Mountainside
50,2 Bedroom Apartment,"



74 m²",R 890 000,Mountainside
51,4 Bedroom House,"
1 398 m²",R 4 150 000,Gordons Bay Central
52,3 Bedroom House,"


222 m²",R 2 292 500,Gordons Bay Central
53,3 Bedroom House,"


282 m²",R 4 500 000,Sea Breeze
54,2 Bedroom Apartment,"



64 m²",R 880 000,Harbour Island
55,2 Bedroom Apartment,"



71 m²",R 1 295 000,Fairview Golf Estate
56,3 Bedroom House,"


228 m²",R 2 292 500,Gordons Bay Village
57,3 Bedroom House,"


214 m²",R 2 625 500,Gordons Bay Central
58,4 Bedroom House,"


204 m²",R 1 697 000,Sea Breeze
59,Vacant Land,"
2 054 m²",R 3 750 000,Onverwacht
60,4 Bedroom House,"


907 m²",R 3 900 000,Mountainside
61,2 Bedroom Apartment,"



84 m²",R 2 150 000,Mountainside
62,1 Bedroom Apartment,"



40 m²",R 750 000,Harbour Island
63,3 Bedroom Apartment,"



89 m²",R 1 290 000,Gordons Bay Central
64,4 Bedroom House,"


907 m²",R 9 000 000,Whispering Pines
65,3 Bedroom House,"


502 m²",R 2 450 000,Gordons Bay Central
66,3 Bedroom Townhouse,"


127 m²",R 1 750 000,Fairview Golf Estate
67,4 Bedroom House,"


907 m²",R 9 000 000,Fairview Golf Estate
68,2 Bedroom Apartment,"



86 m²",R 1 100 000,Gordons Bay Central
69,3 Bedroom House,"


253 m²",R 1 645 000,Whispering Pines
70,2 Bedroom Apartment,"



66 m²",R 775 000,Onverwacht
71,3 Bedroom House,"


901 m²",R 4 295 000,Whispering Pines
72,Commercial Property,"


427 m²",R 9 500 000,Mountainside
73,2 Bedroom Apartment,"


104 m²",R 2 750 000,Mountainside
74,Vacant Land,"
1 348 m²",R 1 375 000,Harbour Island
75,2 Bedroom House,"


347 m²",R 5 995 000,Gordon Heights
76,3 Bedroom Apartment,"


216 m²",R 1 800 000,Mountainside
77,2 Bedroom Apartment,"



90 m²",R 1 895 000,Gordons Bay Village
78,Vacant Land,"


613 m²",R 2 800 000,Gordons Bay Village
79,3 Bedroom Apartment,"


120 m²",R 2 790 000,Gordons Bay Village
80,1 Bedroom Apartment,"



40 m²",R 825 000,Gordons Bay Village
81,2 Bedroom House,"


170 m²",R 1 290 000,Greenbay Eco Estate
82,2 Bedroom Apartment,"



76 m²",R 890 000,Anchorage Park
83,2 Bedroom Apartment,"



64 m²",R 885 000,Whispering Pines
84,3 Bedroom Apartment,"



76 m²",R 1 699 000,Fairview Golf Estate
85,2 Bedroom Townhouse,"


220 m²",R 1 395 000,Firlands
86,Vacant Land,"


870 m²",R 1 255 000,Fairview Golf Estate
87,3 Bedroom House,"


510 m²",R 5 350 000,Gordon Heights
88,3 Bedroom Apartment,"


216 m²",R 1 800 000,Harbour Island
89,3 Bedroom Apartment,"


122 m²",R 2 350 000,Gordons Bay Village
90,3 Bedroom House,"


148 m²",R 1 900 000,Harbour Island
91,Vacant Land,"
1 235 m²",R 1 750 000,Mountainside
92,2 Bedroom Apartment,"



68 m²",R 1 350 000,Mountainside
93,5 Bedroom House,"


755 m²",R 6 900 000,Gordons Bay Village
94,2 Bedroom Apartment,"



63 m²",R 630 000,Mountainside
95,5 Bedroom House,"


584 m²",R 2 245 000,Sea Breeze
96,3 Bedroom House,"


870 m²",R 1 865 000,Dobson
97,4 Bedroom House,"


931 m²",R 6 900 000,Anchorage Park
98,2 Bedroom Apartment,"



66 m²",R 775 000,Mountainside
99,4 Bedroom House,"


931 m²",R 6 900 000,Whispering Pines
100,2 Bedroom Apartment,"



96 m²",R 1 299 000,Mountainside
101,4 Bedroom House,"


204 m²",R 1 650 000,Whispering Pines
102,4 Bedroom House,"


557 m²",R 3 890 000,Gordons Bay Central
103,2 Bedroom Townhouse,"



68 m²",R 825 000,Gordon Strand Estate
104,2 Bedroom Apartment,"



76 m²",R 890 000,Gordons Bay Central
105,2 Bedroom Apartment,"



62 m²",R 1 300 000,Whispering Pines
106,2 Bedroom Apartment,"
1





2",R 795 000,Whispering Pines
107,Vacant Land,"


870 m²",R 1 255 000,Sea Breeze
108,House,"


245 m²",R 5 500 000,Gordon Heights
109,3 Bedroom Townhouse,"


201 m²",R 1 300 000,Harbour Island
110,3 Bedroom House,"


475 m²",R 2 995 000,Pine Acres
111,Vacant Land,"
1 780 m²",R 4 890 000,Admirals Park
112,Vacant Land,"
1 780 m²",R 4 890 000,Mountainside
113,Vacant Land,"


578 m²",R 999 000,Mountainside
114,Vacant Land,"


502 m²",R 950 000,Mansfield
115,2 Bedroom Apartment,"



89 m²",R 3 180 000,Fairview Golf Estate
116,4 Bedroom House,"


909 m²",R 6 895 000,Gordons Bay Village
117,Vacant Land,"


778 m²",R 1 480 000,Mountainside
118,5 Bedroom House,"


974 m²",R 5 000 000,Mansfield
119,5 Bedroom House,"


552 m²",R 3 290 000,Mountainside
120,6 Bedroom House,"
1 803 m²",R 4 250 000,Dobson
121,3 Bedroom House,"
1 041 m²",R 3 850 000,Mountainside
122,2 Bedroom Apartment,"



59 m²",R 790 000,Mountainside
123,2 Bedroom Apartment,"



60 m²",R 895 000,Sea Breeze
124,5 Bedroom House,"


974 m²",R 5 000 000,Whispering Pines
125,3 Bedroom Townhouse,"


182 m²",R 1 890 000,Gordon Heights
126,3 Bedroom House,"


701 m²",R 4 500 000,Admirals Park
127,5 Bedroom House,"


974 m²",R 5 000 000,Gordons Bay Village
128,2 Bedroom Apartment,"



65 m²",R 650 000,Mountainside
129,Vacant Land,"


577 m²",R 960 000,Fairview Golf Estate
130,5 Bedroom House,"


613 m²",R 2 995 000,Mansfield
131,2 Bedroom Apartment,"



58 m²",R 1 100 000,Bay Park
132,4 Bedroom House,"


496 m²",R 1 875 000,Greenbay Eco Estate
133,3 Bedroom Townhouse,"


224 m²",R 1 695 000,Gordons Bay Central
134,Vacant Land,"


502 m²",R 950 000,Fairview Golf Estate
135,1 Bedroom Apartment,"



45 m²",R 865 000,Greenbay Eco Estate
136,2 Bedroom House,"


240 m²",R 1 425 000,Onverwacht
137,3 Bedroom House,"
2





2",R 3 150 000,Admirals Park
138,2 Bedroom Apartment,"



59 m²",R 795 000,Anchorage Park
139,2 Bedroom Apartment,"



66 m²",R 775 000,Whispering Pines
140,3 Bedroom House,"


502 m²",R 2 420 000,Fairview Golf Estate
141,2 Bedroom House,"


222 m²",R 1 300 000,Anchorage Park
142,2 Bedroom Apartment,"
1





1",R 1 200 000,Whispering Pines
143,2 Bedroom Apartment,"



65 m²",R 670 000,Fairview Golf Estate
144,2 Bedroom House,"


240 m²",R 1 425 000,Onverwacht
145,7 Bedroom House,"
2 116 m²",R 5 950 000,Gordon Heights
146,2 Bedroom Apartment,"



59 m²",R 749 999,Sea Breeze
147,3 Bedroom Apartment,"
2





1",R 1 750 000,Winslow
148,2 Bedroom House,"


266 m²",R 1 395 000,Onverwacht
149,2 Bedroom Apartment,"



69 m²",R 1 300 000,Greenbay Eco Estate
150,2 Bedroom Apartment,"
2





1",R 748 000,Whispering Pines
151,9 Bedroom House,11 865 m²,R 14 900 000,Firlands
152,2 Bedroom Apartment,"



59 m²",R 860 000,Gordon Heights
153,3 Bedroom House,"
2





1",R 3 500 000,Gordons Bay Village
154,Industrial Property,"
1 617 m²",R 8 000 000,Mansfield
155,2 Bedroom Apartment,"



60 m²",R 780 000,Whispering Pines
156,11 Bedroom House,"
1 234 m²",R 8 890 000,Gordons Bay Village
157,3 Bedroom House,"


533 m²",R 8 800 000,Harbour Island
158,4 Bedroom House,"


377 m²",R 6 950 000,Harbour Island
159,Vacant Land,"


570 m²",R 850 000,Gordon Heights
160,Vacant Land,"


502 m²",R 860 000,Fairview Golf Estate
161,Vacant Land,"


770 m²",R 1 344 000,Mountainside
162,8 Bedroom House,"
5





4",R 4 995 000,Gordons Bay Village
163,Vacant Land,"


504 m²",R 925 000,Mansfield
164,Vacant Land,"


744 m²",R 1 350 000,Mountainside
165,5 Bedroom House,"


545 m²",R 3 400 000,Whispering Pines
166,Vacant Land,"


502 m²",R 860 000,Fairview Golf Estate
167,2 Bedroom Apartment,"



72 m²",R 1 495 000,Gordons Bay Central
168,2 Bedroom Apartment,"



60 m²",R 715 000,Fairview Golf Estate
169,3 Bedroom House,"


695 m²",R 11 500 000,Gordons Bay Village
170,2 Bedroom House,"


215 m²",R 1 299 000,Onverwacht
171,Vacant Land,"


502 m²",R 875 000,Fairview Golf Estate
172,Vacant Land,"


502 m²",R 875 000,Fairview Golf Estate
173,6 Bedroom House,"
1 379 m²",R 4 250 000,Mountainside
174,Vacant Land,"


375 m²",R 1 899 000,Gordons Bay Central
175,4 Bedroom Townhouse,"


305 m²",R 2 800 000,Cayman Beach
176,2 Bedroom House,"


240 m²",R 1 745 000,Anchorage Park
177,2 Bedroom Apartment,"



71 m²",R 1 500 000,Gordons Bay Village
178,4 Bedroom House,"


507 m²",R 3 000 000,Pine Acres
179,3 Bedroom House,"


520 m²",R 2 888 000,Anchorage Park
180,6 Bedroom House,"
1 193 m²",R 21 500 000,Harbour Island
181,3 Bedroom House,"


204 m²",R 5 450 000,Harbour Island
182,2 Bedroom Apartment,"



72 m²",R 1 650 000,Harbour Island
183,3 Bedroom Townhouse,"


263 m²",R 1 990 000,Fairview Golf Estate
184,1 Bedroom Apartment,"



54 m²",R 1 495 000,Gordons Bay Village
185,Vacant Land,"


500 m²",R 850 000,Fairview Golf Estate
186,5 Bedroom House,"


301 m²",R 3 500 000,Cayman Beach
187,3 Bedroom Apartment,".5





2",R 8 599 000,Gordons Bay Village
188,Vacant Land,"
1 780 m²",R 4 890 000,Mountainside
189,2 Bedroom Apartment,"



72 m²",R 1 650 000,Harbour Island
190,1 Bedroom Apartment,"



40 m²",R 850 000,Greenbay Eco Estate
191,2 Bedroom Townhouse,"



80 m²",R 1 295 000,Gordon Strand Estate
192,3 Bedroom House,"


542 m²",R 1 800 000,Dobson
193,3 Bedroom House,"


150 m²",R 1 350 000,Gordon Strand Estate
194,3 Bedroom Townhouse,"


303 m²",R 1 600 000,Admirals Park
195,2 Bedroom Apartment,"



89 m²",R 3 550 000,Gordons Bay Village
196,4 Bedroom House,"


505 m²",R 2 650 000,Anchorage Park
197,3 Bedroom Apartment,"


156 m²",R 2 950 000,Gordons Bay Village
198,5 Bedroom House,"


669 m²",R 6 700 000,Gordons Bay Village
199,2 Bedroom Apartment,"



72 m²",R 1 695 000,Harbour Island
200,2 Bedroom Apartment,"



45 m²",R 620 000,Anchorage Park
201,5 Bedroom House,"


669 m²",R 6 750 000,Gordons Bay Village
202,2 Bedroom Apartment,"
1





1",R 959 000,Whispering Pines
203,2 Bedroom Apartment,"
2





1",R 620 000,Whispering Pines
204,2 Bedroom Apartment,"



72 m²",R 1 695 000,Harbour Island
205,2 Bedroom House,"


297 m²",R 1 910 000,Gordons Bay Central
206,2 Bedroom Apartment,"



59 m²",R 790 000,Sea Breeze
207,3 Bedroom Townhouse,"


229 m²",R 1 000 000,Gordons Bay Village
208,Vacant Land,"


577 m²",R 2 550 000,Mansfield
209,3 Bedroom House,"


360 m²",R 635 000,Admirals Park
210,2 Bedroom Apartment,"



63 m²",R 770 000,Sea Breeze
211,2 Bedroom Apartment,"



60 m²",R 685 000,Whispering Pines
212,2 Bedroom Apartment,"



65 m²",R 950 000,Fairview Golf Estate
213,Vacant Land,"


577 m²",R 1 950 000,Mountainside
214,2 Bedroom House,"


523 m²",R 1 750 000,Mansfield
215,Vacant Land,"
1 234 m²",R 1 350 000,Gordon Heights
216,5 Bedroom House,"


795 m²",R 9 500 000,Mountainside
217,Vacant Land,"


577 m²",R 995 000,Mountainside
218,1 Bedroom House,"
1





1",R 1 150 000,Gordons Bay Central
219,3 Bedroom House,"


475 m²",R 3 000 000,Admirals Park
220,3 Bedroom House,"


251 m²",R 1 950 000,Fairview Golf Estate
221,2 Bedroom Apartment,"



59 m²",R 680 000,Sea Breeze
222,2 Bedroom Apartment,"


104 m²",R 2 750 000,Harbour Island
223,2 Bedroom Apartment,"



59 m²",R 640 000,Sea Breeze
224,Vacant Land,"
2 054 m²",R 3 750 000,Mountainside
225,2 Bedroom Apartment,"
1





1",R 650 000,Sea Breeze
226,Vacant Land,"


870 m²",R 1 290 000,Mountainside
227,2 Bedroom Apartment,"



65 m²",R 600 000,Fairview Golf Estate
228,4 Bedroom House,"


516 m²",R 2 020 000,Fairview Golf Estate
229,4 Bedroom House,"


931 m²",R 6 900 000,Mountainside
230,2 Bedroom Apartment,"



59 m²",R 680 000,Sea Breeze
231,2 Bedroom Apartment,"
2





2",R 935 000,Onverwacht
232,2 Bedroom Apartment,"



72 m²",R 1 312 500,Cayman Beach
233,2 Bedroom Apartment,"



58 m²",R 1 050 000,Greenbay Eco Estate
234,Apartment,s low ...,R 595 000,Fairview Golf Estate
235,2 Bedroom Apartment,"
1





1",R 660 000,Pine Acres
236,2 Bedroom Apartment,"



58 m²",R 990 000,Firlands
237,2 Bedroom Apartment,"



78 m²",R 895 000,Admirals Park
238,Vacant Land,"
1 235 m²",R 1 750 000,Gordon Heights
239,2 Bedroom Apartment,"



58 m²",R 990 000,Greenbay Eco Estate
240,5 Bedroom House,"
1 623 m²",R 36 950 000,Gordons Bay Central
241,6 Bedroom House,"
1 303 m²",R 8 950 000,Gordon Heights
242,2 Bedroom Apartment,"
1





2",R 920 000,Whispering Pines
243,5 Bedroom House,"


383 m²",R 3 490 000,Admirals Park
244,3 Bedroom House,"


188 m²",R 1 390 000,Admirals Park
245,3 Bedroom Apartment,"


182 m²",R 5 850 000,Harbour Island
246,2 Bedroom Apartment,"



71 m²",R 1 295 000,Gordons Bay Village
247,3 Bedroom House,"


500 m²",R 2 130 000,Anchorage Park
248,2 Bedroom Apartment,"



63 m²",R 930 000,Whispering Pines
249,3 Bedroom House,"


639 m²",R 3 495 000,Mansfield
250,3 Bedroom House,"


251 m²",R 1 950 000,Fairview Golf Estate
251,3 Bedroom House,"


303 m²",R 1 600 000,Admirals Park
252,1 Bedroom Apartment,"



31 m²",R 699 000,Gordons Bay Central
253,0.5 Bedroom Apartment,"



32 m²",R 649 950,Greenbay Eco Estate
254,3 Bedroom House,"


200 m²",R 1 595 000,Fairview Golf Estate
255,2 Bedroom Apartment,"


257 m²",R 4 500 000,Gordons Bay Village
256,3 Bedroom House,"


639 m²",R 3 495 000,Mansfield
257,2 Bedroom Apartment,"



53 m²",R 920 000,Mountainside
258,3 Bedroom House,"


501 m²",R 3 150 000,Admirals Park
259,3 Bedroom Apartment,"



79 m²",R 1 100 000,Whispering Pines
260,2 Bedroom House,"


213 m²",R 1 485 000,Onverwacht
261,1 Bedroom Apartment,"



44 m²",R 770 000,Gordons Bay Central
262,2 Bedroom Apartment,"



59 m²",R 645 000,Whispering Pines
263,2 Bedroom Apartment,"



59 m²",R 860 000,Mansfield
264,4 Bedroom House,"


293 m²",R 2 650 000,Mountainside
265,8 Bedroom House,"


308 m²",R 4 995 000,Harbour Island
266,Vacant Land,"


744 m²",R 1 500 000,Mountainside
267,2 Bedroom Apartment,"
1





1",R 850 000,Whispering Pines
268,4 Bedroom House,"


510 m²",R 3 300 000,Mansfield
269,7 Bedroom House,"


544 m²",R 3 400 000,Gordons Bay Central
270,3 Bedroom House,"


502 m²",R 2 495 000,Fairview Golf Estate
271,4 Bedroom House,"


475 m²",R 2 825 000,Admirals Park
272,3 Bedroom House,"


501 m²",R 3 150 000,Admirals Park
273,3 Bedroom House,"
2





2",R 2 292 500,Gordons Bay Central
274,3 Bedroom House,".5





4",R 5 200 000,Gordons Bay Village
275,3 Bedroom House,"


140 m²",R 1 795 000,Onverwacht
276,Industrial Property,"


223 m²",R 1 725 000,Mansfield Industrial
277,2 Bedroom Apartment,"



63 m²",R 1 200 000,Whispering Pines
278,2 Bedroom Apartment,"



58 m²",R 1 070 000,Admirals Park
279,2 Bedroom Apartment,"



58 m²",R 1 080 000,Greenbay Eco Estate
280,10 Bedroom House,10 682 m²,R 7 995 000,Firlands
281,5 Bedroom House,"


496 m²",R 3 195 000,Gordon Strand Estate
282,2 Bedroom Apartment,"
1





1",R 749 500,Anchorage Park
283,3 Bedroom House,"


540 m²",R 1 950 000,Whispering Pines
284,2 Bedroom Apartment,"



72 m²",R 885 000,Whispering Pines
285,Vacant Land,"


928 m²",R 1 600 000,Gordon Heights
286,2 Bedroom Apartment,"



60 m²",R 680 000,Fairview Golf Estate
287,3 Bedroom Townhouse,"


251 m²",R 1 950 000,Fairview Golf Estate
288,2 Bedroom Apartment,"



59 m²",R 650 000,Sea Breeze
289,3 Bedroom House,"


502 m²",R 2 800 000,Fairview Golf Estate
290,1 Bedroom Apartment,"



52 m²",R 579 000,Gordons Bay Central
291,2 Bedroom Apartment,"



52 m²",R 645 000,Gordons Bay Central
292,2 Bedroom Apartment,"



60 m²",R 1 080 000,Gordons Bay Central
293,2 Bedroom Apartment,"



62 m²",R 775 000,Fairview Golf Estate
294,10 Bedroom House,"
1 800 m²",R 6 200 000,Mountainside
295,2 Bedroom Apartment,"



59 m²",R 650 000,Sea Breeze
296,2 Bedroom Apartment,"
1





1",R 680 000,Fairview Golf Estate
297,4 Bedroom House,"


726 m²",R 4 795 000,Gordons Bay Village
298,5 Bedroom House,"


496 m²",R 3 195 000,Gordons Bay Central
299,4 Bedroom House,"


794 m²",R 4 393 200,Mountainside
300,2 Bedroom House,"


555 m²",R 6 300 000,Gordons Bay Central
301,7 Bedroom House,"
6





3",R 7 500 000,Gordons Bay Central
302,3 Bedroom House,"


528 m²",R 2 380 000,Gordons Bay Central
303,7 Bedroom House,"
6





3",R 7 500 000,Gordons Bay Central
304,1 Bedroom House,"



40 m²",R 795 000,Gordons Bay Central
305,1 Bedroom Apartment,"



40 m²",R 749 000,Gordons Bay Central
306,2 Bedroom Apartment,"



72 m²",R 1 900 000,Cayman Beach
307,Vacant Land,"


957 m²",R 849 000,Admirals Park
308,Vacant Land,17 729 m²,R 3 990 000,Whispering Pines
309,Vacant Land,"


728 m²",R 995 000,Mountainside
310,2 Bedroom Apartment,"
1





1",R 1 475 000,Cayman Beach
311,1 Bedroom Apartment,"



52 m²",R 640 000,Whispering Pines
312,2 Bedroom Apartment,"



58 m²",R 1 050 000,Gordons Bay Central
313,2 Bedroom Apartment,"



60 m²",R 809 000,Whispering Pines
314,3 Bedroom House,"


557 m²",R 1 595 000,Dobson
315,2 Bedroom Apartment,"



68 m²",R 1 095 000,Gordons Bay Village
316,2 Bedroom Apartment,"



59 m²",R 795 000,Pine Acres
317,3 Bedroom House,"


283 m²",R 1 750 000,Onverwacht
318,2 Bedroom Apartment,"



59 m²",R 860 000,Gordons Bay Central
319,2 Bedroom House,"



61 m²",R 820 000,Whispering Pines
320,2 Bedroom Apartment,"



59 m²",R 640 000,Sea Breeze
321,3 Bedroom Apartment,"


170 m²",R 4 500 000,Harbour Island
322,2 Bedroom Apartment,"



54 m²",R 695 000,Gordon Strand Estate
323,3 Bedroom Apartment,"


121 m²",R 2 900 000,Harbour Island
324,2 Bedroom Apartment,"



59 m²",R 925 000,Mansfield
325,2 Bedroom Apartment,"
1





2",R 899 999,Whispering Pines
326,Vacant Land,"


502 m²",R 950 000,Fairview Golf Estate
327,Vacant Land,"


928 m²",R 1 600 000,Gordon Heights
328,2 Bedroom Apartment,"



59 m²",R 925 000,Mountainside
329,4 Bedroom House,"


509 m²",R 3 300 000,Gordon Heights
330,Vacant Land,"


504 m²",R 900 000,Admirals Park
331,2 Bedroom Apartment,"



70 m²",R 870 000,Gordons Bay Central
332,2 Bedroom Apartment,"



61 m²",R 745 000,Gordons Bay Central
333,3 Bedroom Apartment,"


170 m²",R 4 500 000,Harbour Island
334,7 Bedroom House,"


595 m²",R 3 899 000,Gordon Strand Estate
335,2 Bedroom Apartment,"



60 m²",R 750 000,Fairview Golf Estate
336,4 Bedroom House,"


500 m²",R 1 665 000,Admirals Park
337,3 Bedroom Apartment,"


193 m²",R 4 495 000,Harbour Island
338,2 Bedroom Apartment,"



67 m²",R 1 095 000,Greenbay Eco Estate
339,Vacant Land,"


744 m²",R 1 500 000,Mountainside
340,2 Bedroom Apartment,"



61 m²",R 750 000,Gordons Bay Central
341,1 Bedroom Apartment,"



37 m²",R 685 000,Gordons Bay Central
342,3 Bedroom House,"


331 m²",R 2 150 000,Anchorage Park
343,2 Bedroom Townhouse,15 158 m²,R 580 000,Gordons Bay Central
344,2 Bedroom Apartment,"



60 m²",R 749 900,Fairview Golf Estate
345,2 Bedroom Apartment,"



64 m²",R 849 000,Whispering Pines
346,Vacant Land,"


410 m²",R 435 000,Temperance Town
347,3 Bedroom House,"


650 m²",R 2 795 000,Mountainside
348,2 Bedroom Apartment,"
2





1",R 720 000,Fairview Golf Estate
349,2 Bedroom Apartment,"



70 m²",R 955 000,Whispering Pines
350,Farm,"

2.25 ha",R 7 800 000,Firlands
351,2 Bedroom Apartment,"
1





2",R 750 000,Sea Breeze
352,2 Bedroom Apartment,"



63 m²",R 695 000,Sea Breeze
353,Vacant Land,"


712 m²",R 880 000,Fairview Golf Estate
354,2 Bedroom Apartment,"



66 m²",R 795 000,Gordons Bay Central
355,2 Bedroom Apartment,"



67 m²",R 1 085 000,Gordons Bay Central
356,2 Bedroom Apartment,"



61 m²",R 679 000,Whispering Pines
357,Apartment,azing ...,R 595 000,Whispering Pines
358,3 Bedroom House,"


203 m²",R 5 450 000,Harbour Island
359,Vacant Land,"
1 550 m²",R 1 830 000,Mountainside
360,2 Bedroom Apartment,"



64 m²",R 1 050 000,Gordons Bay Central
361,Vacant Land,"


410 m²",R 435 000,Temperance Town
362,3 Bedroom House,"
3 879 m²",R 4 900 000,Gordons Bay Central
363,2 Bedroom Apartment,"



98 m²",R 1 275 000,Whispering Pines
364,2 Bedroom Apartment,"



58 m²",R 1 070 000,Firlands
365,4 Bedroom House,"


299 m²",R 2 800 000,Cayman Beach
366,3 Bedroom House,"
2





6",R 2 099 000,Fairview Golf Estate
367,2 Bedroom Apartment,"



70 m²",R 895 000,Whispering Pines
368,2 Bedroom Apartment,"



73 m²",R 1 200 000,Gordons Bay Central
369,2 Bedroom House,"


200 m²",R 1 399 000,Fairview Golf Estate
370,3 Bedroom House,"


501 m²",R 2 800 000,Fairview Golf Estate
371,Vacant Land,"


492 m²",R 3 500 000,Gordons Bay Village
372,Vacant Land,"


545 m²",R 799 000,Mansfield
373,4 Bedroom House,"


455 m²",R 6 495 000,Harbour Island
374,Vacant Land,"
2 000 m²",R 4 000 000,Gordons Bay Central
375,12 Bedroom House,11 850 m²,R 14 950 000,Gordons Bay Central
376,Vacant Land,"


776 m²",R 1 800 000,Mansfield
377,8 Bedroom House,"
493.2 m²",R 5 400 000,Mountainside
378,Vacant Land,"


776 m²",R 1 800 000,Mansfield
379,2 Bedroom Apartment,"



62 m²",R 1 200 000,Gordons Bay Central
380,5 Bedroom House,"


639 m²",R 3 495 000,Mountainside
381,6 Bedroom House,"


655 m²",R 8 950 000,Mountainside
382,4 Bedroom House,"


931 m²",R 14 745 000,Mountainside
383,4 Bedroom Apartment,"


557 m²",R 3 890 000,Gordon Strand Estate
384,5 Bedroom House,"


496 m²",R 3 195 000,Dobson
385,1 Bedroom Apartment,"



50 m²",R 750 000,Whispering Pines
386,5 Bedroom House,"


928 m²",R 7 995 000,Gordon Heights
387,3 Bedroom House,"


501 m²",R 3 100 000,Fairview Golf Estate
388,2 Bedroom Apartment,"



72 m²",R 1 695 000,Harbour Island
389,2 Bedroom Apartment,"



58 m²",R 990 000,Greenbay Eco Estate
390,2 Bedroom Apartment,"



65 m²",R 690 000,Fairview Golf Estate
391,3 Bedroom House,"


551 m²",R 2 980 000,Gordon Heights
392,3 Bedroom House,"


206 m²",R 1 895 000,Gordons Bay Central
393,4 Bedroom House,"


557 m²",R 3 890 000,Dobson
394,3 Bedroom House,"


584 m²",R 2 250 000,Dobson
395,2 Bedroom Apartment,"



70 m²",R 850 000,Whispering Pines
396,2 Bedroom Apartment,"



60 m²",R 920 000,Whispering Pines
397,4 Bedroom House,"


557 m²",R 3 890 000,Gordons Bay Central
398,2 Bedroom Apartment,"



65 m²",R 690 000,Fairview Golf Estate
399,4 Bedroom House,"


516 m²",R 2 020 000,Sea Breeze
400,4 Bedroom House,"


584 m²",R 2 245 000,Gordons Bay Central
401,2 Bedroom Apartment,"



59 m²",R 775 000,Sea Breeze
402,5 Bedroom House,"


797 m²",R 5 500 000,Gordon Heights
403,2 Bedroom Apartment,"
1





1",R 815 000,Whispering Pines
404,2 Bedroom Apartment,"



64 m²",R 740 000,Fairview Golf Estate
405,Vacant Land,17 731 m²,R 9 000 000,Whispering Pines
406,2 Bedroom Apartment,"



72 m²",R 899 000,Whispering Pines
407,2 Bedroom House,"


223 m²",R 1 500 000,Gordons Bay Central
408,3 Bedroom House,"


371 m²",R 2 500 000,Gordons Bay Village
409,4 Bedroom Apartment,"


220 m²",R 12 500 000,Gordons Bay Central
410,Vacant Land,"
1 150 m²",R 3 399 000,Gordons Bay Central
411,Vacant Land,"


777 m²",R 1 490 000,Mountainside
412,Vacant Land,"


744 m²",R 1 500 000,Gordons Bay Central
413,Vacant Land,"


777 m²",R 1 485 000,Gordon Heights
414,16 Bedroom House,"


744 m²",R 11 000 000,Mountainside
415,2 Bedroom Apartment,"



60 m²",R 829 000,Whispering Pines
416,3 Bedroom House,"


542 m²",R 2 500 000,Dobson
417,Vacant Land,"


1.1 ha",R 1 600 000,Firlands
418,2 Bedroom Apartment,"



59 m²",R 795 000,Anchorage Park
419,Vacant Land,"



42 ha",R 100 000 000,Firlands
420,Vacant Land,"
1 024 m²",R 1 350 000,Mountainside
421,3 Bedroom Apartment,"


183 m²",R 3 490 000,Harbour Island
422,Vacant Land,"


998 m²",R 1 200 000,Gordon Heights
423,3 Bedroom Apartment,"


110 m²",R 3 200 000,Harbour Island
424,2 Bedroom House,"


223 m²",R 1 500 000,Gordons Bay Central
425,3 Bedroom House,"


509 m²",R 2 540 000,Fairview Golf Estate
426,2 Bedroom Apartment,"



73 m²",R 1 190 000,Whispering Pines
427,2 Bedroom Apartment,"



73 m²",R 1 190 000,Whispering Pines
428,2 Bedroom Apartment,"



66 m²",R 799 000,Gordons Bay Central
429,2 Bedroom Apartment,"



65 m²",R 670 000,Fairview Golf Estate
430,2 Bedroom Apartment,"



58 m²",R 1 199 900,Firlands
431,Apartment,"



18 m²",R 120 000,Sea Breeze
432,2 Bedroom Apartment,"



60 m²",R 650 000,Fairview Golf Estate
433,Farm,22 527 m²,R 7 800 000,Firlands
434,5 Bedroom House,"


387 m²",R 3 490 000,Mountainside
435,Vacant Land,"


957 m²",R 849 000,Admirals Park
436,3 Bedroom House,"


228 m²",R 2 292 500,Pine Acres
437,Vacant Land,"


520 m²",R 900 000,Mansfield
438,3 Bedroom House,"


157 m²",R 1 680 000,Onverwacht
439,Farm,"




1 ha",R 7 000 000,Firlands
440,3 Bedroom Townhouse,"


156 m²",R 1 680 000,Onverwacht
441,2 Bedroom Apartment,"



60 m²",R 1 074 000,Whispering Pines
442,Vacant Land,"


957 m²",R 950 000,Admirals Park
443,5 Bedroom House,"


528 m²",R 2 450 000,Fairview Golf Estate
444,Vacant Land,"


400 m²",R 3 150 000,Gordons Bay Village
445,Vacant Land,"


952 m²",R 2 950 000,Mountainside
446,3 Bedroom House,"


500 m²",R 1 665 000,Anchorage Park
447,5 Bedroom House,"


584 m²",R 2 240 000,Gordon Strand Estate
448,Vacant Land,"


729 m²",R 3 220 000,Mountainside
449,2 Bedroom House,"


223 m²",R 1 450 000,Anchorage Park
450,2 Bedroom Apartment,"



66 m²",R 650 000,Fairview Golf Estate
451,5 Bedroom House,"


496 m²",R 4 300 000,Gordons Bay Central
452,2 Bedroom Apartment,"
1





1",R 895 000,Whispering Pines
453,4 Bedroom House,10 000 m²,R 5 400 000,Firlands
454,3 Bedroom House,"


601 m²",R 3 499 000,Gordons Bay Central
455,2 Bedroom Apartment,"



68 m²",R 1 114 900,Firlands
456,2 Bedroom Apartment,"
1





2",R 1 890 500,Greenbay Eco Estate
457,Vacant Land,"


341 m²",R 785 000,Mountainside
458,Vacant Land,"


502 m²",R 799 000,Gordons Bay Central
459,2 Bedroom Apartment,"



64 m²",R 740 000,Fairview Golf Estate
460,Vacant Land,"


744 m²",R 1 350 000,Mountainside
461,1 Bedroom Apartment,"



54 m²",R 685 000,Gordons Bay Central
462,Vacant Land,"


772 m²",R 1 190 000,Mansfield
463,3 Bedroom House,"


601 m²",R 3 499 000,Gordons Bay Central
464,2 Bedroom Apartment,"



58 m²",R 999 900,Firlands
465,3 Bedroom Townhouse,"


108 m²",R 1 650 000,Whispering Pines
466,Vacant Land,"
3 879 m²",R 4 900 000,Whispering Pines
467,1 Bedroom Apartment,"



40 m²",R 754 900,Firlands
468,2 Bedroom Apartment,"



58 m²",R 1 365 000,Firlands
469,2 Bedroom Apartment,"



58 m²",R 1 060 000,Firlands
470,2 Bedroom Apartment,"



65 m²",R 660 000,Fairview Golf Estate
471,2 Bedroom Apartment,"



72 m²",R 1 312 500,Cayman Beach
472,6 Bedroom House,"
1 139 m²",R 3 650 000,Mountainside
473,Vacant Land,"
1 317 m²",R 2 335 000,Mountainside
474,2 Bedroom Apartment,"



49 m²",R 815 000,Gordons Bay Central
475,Vacant Land,"


400 m²",R 3 120 000,Gordons Bay Central
476,5 Bedroom House,"
4 980 m²",R 3 500 000,Gordons Bay Central
477,3 Bedroom House,"
2





1",R 1 800 000,Gordon Strand Estate
478,3 Bedroom House,"


586 m²",R 2 295 000,Gordons Bay Central
479,2 Bedroom Apartment,"



58 m²",R 1 365 000,Firlands
480,2 Bedroom Apartment,"



86 m²",R 995 000,Gordons Bay Central
481,4 Bedroom House,"


495 m²",R 1 980 000,Gordon Strand Estate
482,11 Bedroom House,"
1 235 m²",R 8 925 000,Gordons Bay Central
483,9 Bedroom House,"


545 m²",R 3 900 000,Gordons Bay Central
484,2 Bedroom Apartment,"



65 m²",R 670 000,Fairview Golf Estate
485,2 Bedroom Apartment,"
1





1",R 750 000,Whispering Pines
486,1 Bedroom Apartment,"



42 m²",R 799 900,Firlands
487,3 Bedroom Apartment,"



89 m²",R 1 150 000,Whispering Pines
488,3 Bedroom House,"


196 m²",R 3 900 000,Gordon Heights
489,7 Bedroom House,"


557 m²",R 3 890 000,Gordons Bay Central
490,3 Bedroom House,"
1 150 m²",R 3 200 000,Gordons Bay Village
491,5 Bedroom House,"


927 m²",R 7 300 000,Mountainside
492,2 Bedroom House,"
1





1",R 745 000,Gordons Bay Central
493,1 Bedroom House,"


128 m²",R 300 000,Temperance Town
494,4 Bedroom House,"


612 m²",R 4 800 000,Mountainside
495,5 Bedroom House,"


927 m²",R 7 300 000,Mountainside
496,4 Bedroom House,"
1 280 m²",R 6 590 000,Mountainside
497,3 Bedroom House,"


542 m²",R 1 950 000,Fairview Golf Estate
498,2 Bedroom Apartment,"



59 m²",R 895 000,Mountainside
499,3 Bedroom House,"


593 m²",R 2 090 000,Dobson
500,4 Bedroom House,"


303 m²",R 2 999 000,Mansfield
501,2 Bedroom Apartment,"
2





2",R 3 500 000,Gordons Bay Central
502,Commercial Property,80 000 m²,R 18 400 000,Gordons Bay Central
503,3 Bedroom House,"


252 m²",R 1 990 000,Winslow
504,2 Bedroom House,"



79 m²",R 1 470 000,Fairview Golf Estate
505,4 Bedroom House,"


904 m²",R 4 750 000,Mountainside
506,Vacant Land,"


502 m²",R 870 000,Gordons Bay Central
507,4 Bedroom House,"
4





5",R 3 300 000,Mansfield
508,3 Bedroom Apartment,"


160 m²",R 4 500 000,Harbour Island
509,2 Bedroom Apartment,"



63 m²",R 799 000,Gordons Bay Central
510,House,"
The ...",R 3 450 000,Admirals Park
511,2 Bedroom Apartment,"



59 m²",R 975 000,Mansfield
512,2 Bedroom Townhouse,"



59 m²",R 950 000,Mansfield
513,2 Bedroom Apartment,"


132 m²",R 4 460 000,Harbour Island
514,2 Bedroom Apartment,"



51 m²",R 895 000,Mansfield
515,Vacant Land,"


945 m²",R 1 397 000,Gordon Heights
516,4 Bedroom House,"
1 077 m²",R 6 900 000,Mountainside
517,3 Bedroom House,"


501 m²",R 2 150 000,Fairview Golf Estate
518,3 Bedroom House,"


601 m²",R 3 350 000,Gordons Bay Village
519,2 Bedroom House,"


293 m²",R 1 700 000,Winslow
520,2 Bedroom Apartment,"



51 m²",R 895 000,Mansfield
521,3 Bedroom House,"


516 m²",R 2 495 000,Fairview Golf Estate
522,2 Bedroom Apartment,"



59 m²",R 899 000,Mountainside
523,3 Bedroom Apartment,"


160 m²",R 1 450 000,Admirals Park
524,2 Bedroom Apartment,"



59 m²",R 1 200 000,Mansfield
525,3 Bedroom House,"
2





1",R 1 450 000,Gordon Strand Estate
526,Vacant Land,"


956 m²",R 849 000,Admirals Park
527,2 Bedroom Apartment,"



59 m²",R 860 000,Mansfield
528,2 Bedroom Apartment,"


112 m²",R 2 850 000,Harbour Island
529,Vacant Land,"


545 m²",R 845 000,Mountainside
530,Vacant Land,"


504 m²",R 850 000,Admirals Park
531,Vacant Land,"


824 m²",R 1 098 000,Gordon Heights
532,Commercial Property,"



98 m²",R 2 000 000,Gordons Bay Village
533,Vacant Land,"


928 m²",R 1 590 000,Gordon Heights
534,5 Bedroom House,"


669 m²",R 6 775 000,Mountainside
535,2 Bedroom Apartment,"


120 m²",R 2 950 000,Gordons Bay Village
536,2 Bedroom House,"


556 m²",R 6 300 000,Gordons Bay Village
537,Vacant Land,"


824 m²",R 1 098 000,Gordon Heights
538,Vacant Land,"


367 m²",R 2 400 000,Gordons Bay Central
539,9 Bedroom House,"


545 m²",R 3 900 000,Gordons Bay Central
540,4 Bedroom House,"


557 m²",R 3 890 000,Gordon Strand Estate
541,3 Bedroom House,"
1 035 m²",R 3 750 000,Mountainside
542,1 Bedroom Apartment,"



43 m²",R 800 000,Firlands
543,Vacant Land,"



42 ha",R 100 000 000,Firlands
544,2 Bedroom Apartment,"


146 m²",R 4 500 000,Harbour Island
545,Vacant Land,"


777 m²",R 1 500 000,Mansfield
546,3 Bedroom Apartment,"
2





1",R 1 150 000,Whispering Pines
547,2 Bedroom Apartment,"



67 m²",R 1 300 000,Greenbay Eco Estate
548,Vacant Land,"


777 m²",R 1 400 000,Gordons Bay Central
549,2 Bedroom Townhouse,"


201 m²",R 2 400 000,Gordons Bay Central
550,Farm,22 527 m²,R 7 800 000,Firlands
551,4 Bedroom Apartment,"


310 m²",R 4 500 000,Gordons Bay Village
552,4 Bedroom House,"


331 m²",R 1 595 000,Harbour Island
553,3 Bedroom House,"


234 m²",R 1 250 000,Admirals Park
554,4 Bedroom House,"


331 m²",R 2 600 000,Harbour Island
555,2 Bedroom Townhouse,"


152 m²",R 675 000,Whispering Pines
556,Vacant Land,"


758 m²",R 1 690 000,Gordons Bay Central
557,Vacant Land,"


290 m²",R 12 500 000,Mansfield
558,Vacant Land,"
1 560 m²",R 1 340 000,Gordons Bay Central
559,4 Bedroom Apartment,"


220 m²",R 650 000,Gordons Bay Village
560,Vacant Land,"
1 024 m²",R 1 550 000,Gordon Heights
561,Vacant Land,"


312 m²",R 10 282 000,Fairview Golf Estate
562,1 Bedroom Apartment,"



56 m²",R 8 500 000,Harbour Island
563,7 Bedroom House,"


882 m²",R 3 850 000,Gordon Heights
564,7 Bedroom House,"


712 m²",R 770 000,Gordons Bay Village
565,Vacant Land,"
8 045 m²",R 850 000,Gordons Bay Central
566,Apartment,"



44 m²",R 799 000,Gordons Bay Central
567,2 Bedroom Apartment,"
2





1",R 2 900 000,Whispering Pines
568,1 Bedroom Apartment,"



44 m²",R 14 750 000,Firlands
569,2 Bedroom Apartment,"



90 m²",R 7 500 000,Gordons Bay Village
570,4 Bedroom House,"


528 m²",R 3 195 000,Fairview Golf Estate
571,2 Bedroom Apartment,"



76 m²",R 935 000,Whispering Pines
572,9 Bedroom House,"


545 m²",R 3 900 000,Gordon Strand Estate
573,3 Bedroom House,"


204 m²",R 5 450 000,Harbour Island
574,4 Bedroom House,"


331 m²",R 11 600 000,Harbour Island
575,5 Bedroom House,"


843 m²",R 4 900 000,Mountainside
576,House,"
3 879 m²",R 5 450 000,Whispering Pines
577,3 Bedroom House,"


204 m²",R 899 000,Harbour Island
578,2 Bedroom Apartment,"



54 m²",R 3 950 000,Mansfield
579,Vacant Land,"


714 m²",R 639 900,Mountainside
580,1 Bedroom Apartment,"
1





1",R 670 000,Whispering Pines
581,1 Bedroom Apartment,"
1





1",R 7 500 000,Whispering Pines
582,4 Bedroom House,"


493 m²",R 695 000,Gordons Bay Central
583,1 Bedroom Apartment,"
1





1",R 6 995 000,Whispering Pines
584,5 Bedroom House,"


483 m²",R 1 100 000,Cayman Beach
585,2 Bedroom Apartment,"



86 m²",R 7 800 000,Gordons Bay Central
586,House,"
2 250 m²",R 6 700 000,Firlands
587,5 Bedroom House,"


668 m²",R 9 900 000,Gordons Bay Village
588,3 Bedroom House,"


365 m²",R 1 375 000,Harbour Island
589,2 Bedroom House,"


152 m²",R 1 397 000,Gordons Bay Central
590,Vacant Land,"


375 m²",R 1 850 000,Gordons Bay Village
591,2 Bedroom Apartment,"



64 m²",R 735 000,Fairview Golf Estate
592,10 Bedroom House,"6





10",R 3 900 000,Gordons Bay Central
593,Commercial Property,"
3 879 m²",R 4 900 000,Whispering Pines
594,Commercial Property,"
3 879 m²",R 4 900 000,Whispering Pines
595,Vacant Land,"


942 m²",R 1 200 000,Mountainside
596,4 Bedroom Apartment,"


260 m²",R 4 400 000,Gordon Heights
597,Apartment,"



21 m²",R 120 000,Sea Breeze
